Date,Close,prev_close,daily_return_pct
2012-12-13,15.0,,
2012-12-14,30.0,15.0,100.0
2012-12-17,65.0,30.0,116.67
2012-12-18,80.0,65.0,23.08
2012-12-19,84.0,80.0,5.0
2012-12-20,80.25,84.0,-4.46
2012-12-21,80.0,80.25,-0.31
2012-12-24,80.0,80.0,0.0
2012-12-26,77.0,80.0,-3.75
2012-12-27,59.0,77.0,-23.38
2012-12-28,72.35,59.0,22.63
2012-12-31,82.0,72.35,13.34
2013-01-02,76.0,82.0,-7.32
2013-01-03,81.25,76.0,6.91
2013-01-04,85.0,81.25,4.62
2013-01-07,79.8,85.0,-6.12
2013-01-08,80.0,79.8,0.25
2013-01-09,84.0,80.0,5.0
2013-01-10,98.0,84.0,16.67
2013-01-11,106.5,98.0,8.67
2013-01-14,120.0,106.5,12.68
2013-01-15,110.0,120.0,-8.33
2013-01-16,104.7,110.0,-4.82
2013-01-17,102.11,104.7,-2.47
2013-01-18,117.0,102.11,14.58
2013-01-22,126.5,117.0,8.12
2013-01-23,120.0,126.5,-5.14
2013-01-24,114.25,120.0,-4.79
2013-01-25,114.1,114.25,-0.13
2013-01-28,119.35,114.1,4.6
2013-01-29,125.0,119.35,4.73
2013-01-30,124.75,125.0,-0.2
2013-01-31,125.75,124.75,0.8
2013-02-01,125.5,125.75,-0.2
2013-02-04,126.0,125.5,0.4
2013-02-05,127.0,126.0,0.79
2013-02-06,126.4,127.0,-0.47
2013-02-07,125.0,126.4,-1.11
2013-02-08,129.0,125.0,3.2
2013-02-11,135.0,129.0,4.65
2013-02-12,125.0,135.0,-7.41
2013-02-13,127.2,125.0,1.76
2013-02-14,125.0,127.2,-1.73
2013-02-15,124.9,125.0,-0.08
2013-02-19,119.25,124.9,-4.52
2013-02-20,115.0,119.25,-3.56
2013-02-21,110.0,115.0,-4.35
2013-02-22,119.5,110.0,8.64
2013-02-25,119.0,119.5,-0.42
2013-02-26,123.25,119.0,3.57
2013-02-27,119.0,123.25,-3.45
2013-02-28,129.75,119.0,9.03
2013-03-01,129.75,129.75,0.0
2013-03-04,130.25,129.75,0.39
2013-03-05,131.0,130.25,0.58
2013-03-06,132.5,131.0,1.15
2013-03-07,132.0,132.5,-0.38
2013-03-08,128.5,132.0,-2.65
2013-03-11,129.15,128.5,0.51
2013-03-12,130.01,129.15,0.67
2013-03-13,132.0,130.01,1.53
2013-03-14,138.5,132.0,4.92
2013-03-15,144.0,138.5,3.97
2013-03-18,141.25,144.0,-1.91
2013-03-19,143.25,141.25,1.42
2013-03-20,148.0,143.25,3.32
2013-03-21,136.0,148.0,-8.11
2013-03-22,136.0,136.0,0.0
2013-03-25,135.0,136.0,-0.74
2013-03-26,135.5,135.0,0.37
2013-03-27,135.0,135.5,-0.37
2013-03-28,135.0,135.0,0.0
2013-04-01,130.0,135.0,-3.7
2013-04-02,130.0,130.0,0.0
2013-04-03,129.3,130.0,-0.54
2013-04-04,129.5,129.3,0.15
2013-04-05,128.35,129.5,-0.89
2013-04-08,130.0,128.35,1.29
2013-04-09,132.25,130.0,1.73
2013-04-10,131.0,132.25,-0.95
2013-04-11,131.25,131.0,0.19
2013-04-12,133.25,131.25,1.52
2013-04-15,130.0,133.25,-2.44
2013-04-16,130.75,130.0,0.58
2013-04-17,132.5,130.75,1.34
2013-04-18,132.0,132.5,-0.38
2013-04-19,132.1,132.0,0.08
2013-04-22,138.0,132.1,4.47
2013-04-23,146.0,138.0,5.8
2013-04-24,151.0,146.0,3.42
2013-04-25,199.0,151.0,31.79
2013-04-26,211.0,199.0,6.03
2013-04-29,200.0,211.0,-5.21
2013-04-30,200.0,200.0,0.0
2013-05-01,193.01,200.0,-3.5
2013-05-02,195.0,193.01,1.03
2013-05-03,203.0,195.0,4.1
2013-05-06,220.0,203.0,8.37
2013-05-07,228.5,220.0,3.86
2013-05-08,231.0,228.5,1.09
2013-05-09,259.9,231.0,12.51
2013-05-10,280.0,259.9,7.73
2013-05-13,267.2,280.0,-4.57
2013-05-14,281.0,267.2,5.16
2013-05-15,290.0,281.0,3.2
2013-05-16,297.5,290.0,2.59
2013-05-17,302.0,297.5,1.51
2013-05-20,300.01,302.0,-0.66
2013-05-21,336.0,300.01,12.0
2013-05-22,326.0,336.0,-2.98
2013-05-23,299.75,326.0,-8.05
2013-05-24,281.5,299.75,-6.09
2013-05-28,285.0,281.5,1.24
2013-05-29,290.0,285.0,1.75
2013-05-31,280.0,290.0,-3.45
2013-06-03,255.0,280.0,-8.93
2013-06-04,238.0,255.0,-6.67
2013-06-05,240.0,238.0,0.84
2013-06-06,236.0,240.0,-1.67
2013-06-07,233.0,236.0,-1.27
2013-06-10,239.0,233.0,2.58
2013-06-11,240.0,239.0,0.42
2013-06-12,240.0,240.0,0.0
2013-06-17,269.0,240.0,12.08
2013-06-18,280.0,269.0,4.09
2013-06-19,270.0,280.0,-3.57
2013-06-20,270.0,270.0,0.0
2013-06-21,261.0,270.0,-3.33
2013-06-24,250.0,261.0,-4.21
2013-06-25,250.0,250.0,0.0
2013-06-26,260.0,250.0,4.0
2013-06-27,262.0,260.0,0.77
2013-06-28,270.0,262.0,3.05
2013-07-01,275.0,270.0,1.85
2013-07-02,270.0,275.0,-1.82
2013-07-08,265.0,270.0,-1.85
2013-07-09,268.0,265.0,1.13
2013-07-10,280.0,268.0,4.48
2013-07-11,279.4,280.0,-0.21
2013-07-12,274.5,279.4,-1.75
2013-07-15,266.0,274.5,-3.1
2013-07-16,268.5,266.0,0.94
2013-07-17,273.0,268.5,1.68
2013-07-18,276.0,273.0,1.1
2013-07-19,300.0,276.0,8.7
2013-07-22,300.0,300.0,0.0
2013-07-23,325.0,300.0,8.33
2013-07-24,320.5,325.0,-1.38
2013-07-25,320.0,320.5,-0.16
2013-07-29,326.0,320.0,1.88
2013-07-31,336.0,326.0,3.07
2013-08-01,354.25,336.0,5.43
2013-08-02,366.0,354.25,3.32
2013-08-05,364.67,366.0,-0.36
2013-08-07,344.5,364.67,-5.53
2013-08-08,349.6,344.5,1.48
2013-08-13,350.0,349.6,0.11
2013-08-15,345.0,350.0,-1.43
2013-08-16,330.0,345.0,-4.35
2013-08-19,324.0,330.0,-1.82
2013-08-21,301.5,324.0,-6.94
2013-08-22,310.0,301.5,2.82
2013-08-26,310.0,310.0,0.0
2013-08-30,315.0,310.0,1.61
2013-09-03,321.0,315.0,1.9
2013-09-04,320.25,321.0,-0.23
2013-09-09,370.0,320.25,15.53
2013-09-10,373.0,370.0,0.81
2013-09-11,369.99,373.0,-0.81
2013-09-12,352.0,369.99,-4.86
2013-09-13,348.89,352.0,-0.88
2013-09-16,350.0,348.89,0.32
2013-09-17,360.0,350.0,2.86
2013-09-18,356.45,360.0,-0.99
2013-09-19,359.0,356.45,0.72
2013-09-20,365.41,359.0,1.79
2013-09-23,380.0,365.41,3.99
2013-09-24,450.0,380.0,18.42
2013-09-25,475.24,450.0,5.61
2013-09-26,514.0,475.24,8.16
2013-09-27,533.0,514.0,3.7
2013-09-30,533.0,533.0,0.0
2013-10-01,533.0,533.0,0.0
2013-10-02,603.0,533.0,13.13
2013-10-03,611.22,603.0,1.36
2013-10-04,671.12,611.22,9.8
2013-10-07,702.01,671.12,4.6
2013-10-08,605.25,702.01,-13.78
2013-10-09,575.0,605.25,-5.0
2013-10-10,615.0,575.0,6.96
2013-10-11,615.0,615.0,0.0
2013-10-14,564.77,615.0,-8.17
2013-10-15,555.0,564.77,-1.73
2013-10-16,533.99,555.0,-3.79
2013-10-17,529.0,533.99,-0.93
2013-10-18,515.4,529.0,-2.57
2013-10-21,522.0,515.4,1.28
2013-10-22,600.0,522.0,14.94
2013-10-23,620.05,600.0,3.34
2013-10-24,625.0,620.05,0.8
2013-10-25,647.29,625.0,3.57
2013-10-28,600.25,647.29,-7.27
2013-10-29,612.0,600.25,1.96
2013-10-30,624.0,612.0,1.96
2013-10-31,639.68,624.0,2.51
2013-11-01,638.0,639.68,-0.26
2013-11-04,640.0,638.0,0.31
2013-11-05,636.81,640.0,-0.5
2013-11-06,640.0,636.81,0.5
2013-11-07,643.0,640.0,0.47
2013-11-08,630.43,643.0,-1.95
2013-11-11,626.74,630.43,-0.59
2013-11-12,610.5,626.74,-2.59
2013-11-13,590.0,610.5,-3.36
2013-11-14,597.98,590.0,1.35
2013-11-15,618.0,597.98,3.35
2013-11-18,615.0,618.0,-0.49
2013-11-19,608.52,615.0,-1.05
2013-11-20,701.99,608.52,15.36
2013-11-21,710.21,701.99,1.17
2013-11-22,719.0,710.21,1.24
2013-11-25,720.0,719.0,0.14
2013-11-26,720.0,720.0,0.0
2013-11-29,725.0,720.0,0.69
2013-12-02,790.0,725.0,8.97
2013-12-03,885.0,790.0,12.03
2013-12-04,885.0,885.0,0.0
2013-12-05,875.0,885.0,-1.13
2013-12-06,893.99,875.0,2.17
2013-12-09,970.99,893.99,8.61
2013-12-10,980.35,970.99,0.96
2013-12-11,1005.0,980.35,2.51
2013-12-12,1011.15,1005.0,0.61
2013-12-13,1030.0,1011.15,1.86
2013-12-16,1035.0,1030.0,0.49
2013-12-17,1005.0,1035.0,-2.9
2013-12-18,995.5,1005.0,-0.95
2013-12-19,918.53,995.5,-7.73
2013-12-20,860.85,918.53,-6.28
2013-12-23,872.0,860.85,1.3
2013-12-24,902.0,872.0,3.44
2013-12-26,906.01,902.0,0.44
2013-12-27,902.0,906.01,-0.44
2013-12-30,900.5,902.0,-0.17
2013-12-31,930.0,900.5,3.28
2014-01-02,923.15,930.0,-0.74
2014-01-03,924.69,923.15,0.17
2014-01-06,911.13,924.69,-1.47
2014-01-07,932.5,911.13,2.35
2014-01-08,929.5,932.5,-0.32
2014-01-09,984.01,929.5,5.86
2014-01-10,1024.0,984.01,4.06
2014-01-13,1051.21,1024.0,2.66
2014-01-14,1151.0,1051.21,9.49
2014-01-15,1196.36,1151.0,3.94
2014-01-16,1184.5,1196.36,-0.99
2014-01-17,1179.78,1184.5,-0.4
2014-01-21,1178.0,1179.78,-0.15
2014-01-22,1151.23,1178.0,-2.27
2014-01-23,1071.0,1151.23,-6.97
2014-01-24,1053.0,1071.0,-1.68
2014-01-27,1020.8,1053.0,-3.06
2014-01-28,1040.0,1020.8,1.88
2014-01-29,990.0,1040.0,-4.81
2014-01-30,1004.75,990.0,1.49
2014-01-31,1008.0,1004.75,0.32
2014-02-03,938.15,1008.0,-6.93
2014-02-04,932.55,938.15,-0.6
2014-02-05,936.9,932.55,0.47
2014-02-06,900.77,936.9,-3.86
2014-02-07,960.95,900.77,6.68
2014-02-10,988.75,960.95,2.89
2014-02-11,1000.0,988.75,1.14
2014-02-12,995.0,1000.0,-0.5
2014-02-13,999.98,995.0,0.5
2014-02-14,995.02,999.98,-0.5
2014-02-18,1000.0,995.02,0.5
2014-02-19,970.01,1000.0,-3.0
2014-02-20,910.01,970.01,-6.19
2014-02-21,862.41,910.01,-5.23
2014-02-24,901.01,862.41,4.48
2014-02-25,916.99,901.01,1.77
2014-02-26,772.0,916.99,-15.81
2014-02-27,800.0,772.0,3.63
2014-02-28,775.0,800.0,-3.13
2014-03-03,769.59,775.0,-0.7
2014-03-04,771.5,769.59,0.25
2014-03-05,775.0,771.5,0.45
2014-03-06,784.81,775.0,1.27
2014-03-07,827.15,784.81,5.39
2014-03-10,804.93,827.15,-2.69
2014-03-11,802.0,804.93,-0.36
2014-03-12,857.54,802.0,6.93
2014-03-13,857.35,857.54,-0.02
2014-03-14,868.25,857.35,1.27
2014-03-17,1045.02,868.25,20.36
2014-03-18,1023.81,1045.02,-2.03
2014-03-19,1060.0,1023.81,3.53
2014-03-20,1056.0,1060.0,-0.38
2014-03-21,1085.26,1056.0,2.77
2014-03-24,1078.8,1085.26,-0.6
2014-03-25,1085.11,1078.8,0.58
2014-03-26,1074.67,1085.11,-0.96
2014-03-27,1070.88,1074.67,-0.35
2014-03-28,1049.99,1070.88,-1.95
2014-03-31,1074.65,1049.99,2.35
2014-04-01,1111.0,1074.65,3.38
2014-04-02,1112.37,1111.0,0.12
2014-04-03,1110.0,1112.37,-0.21
2014-04-04,1085.0,1110.0,-2.25
2014-04-07,1068.17,1085.0,-1.55
2014-04-08,1048.99,1068.17,-1.8
2014-04-09,1050.0,1048.99,0.1
2014-04-10,1026.3,1050.0,-2.26
2014-04-11,969.98,1026.3,-5.49
2014-04-14,953.0,969.98,-1.75
2014-04-15,946.0,953.0,-0.73
2014-04-16,940.0,946.0,-0.63
2014-04-17,975.0,940.0,3.72
2014-04-21,974.48,975.0,-0.05
2014-04-22,985.0,974.48,1.08
2014-04-23,991.01,985.0,0.61
2014-04-24,991.1,991.01,0.01
2014-04-25,977.44,991.1,-1.38
2014-04-28,907.5,977.44,-7.16
2014-04-29,949.0,907.5,4.57
2014-04-30,978.25,949.0,3.08
2014-05-01,988.02,978.25,1.0
2014-05-02,976.0,988.02,-1.22
2014-05-05,970.59,976.0,-0.55
2014-05-06,885.75,970.59,-8.74
2014-05-07,846.25,885.75,-4.46
2014-05-08,799.95,846.25,-5.47
2014-05-09,742.0,799.95,-7.24
2014-05-12,827.05,742.0,11.46
2014-05-13,822.05,827.05,-0.6
2014-05-14,819.25,822.05,-0.34
2014-05-15,805.0,819.25,-1.74
2014-05-16,841.0,805.0,4.47
2014-05-19,860.8,841.0,2.35
2014-05-20,884.97,860.8,2.81
2014-05-21,896.05,884.97,1.25
2014-05-22,907.11,896.05,1.23
2014-05-23,942.0,907.11,3.85
2014-05-27,974.72,942.0,3.47
2014-05-28,951.0,974.72,-2.43
2014-05-29,961.05,951.0,1.06
2014-05-30,983.16,961.05,2.3
2014-06-02,985.0,983.16,0.19
2014-06-03,996.92,985.0,1.21
2014-06-04,1073.01,996.92,7.63
2014-06-05,1070.0,1073.01,-0.28
2014-06-06,1098.41,1070.0,2.66
2014-06-09,1103.0,1098.41,0.42
2014-06-10,1083.92,1103.0,-1.73
2014-06-11,1069.75,1083.92,-1.31
2014-06-12,1089.95,1069.75,1.89
2014-06-13,1089.9,1089.95,-0.0
2014-06-16,1094.0,1089.9,0.38
2014-06-17,1096.0,1094.0,0.18
2014-06-18,1095.0,1096.0,-0.09
2014-06-19,1099.02,1095.0,0.37
2014-06-20,1099.02,1099.02,0.0
2014-06-23,819.9,1099.02,-25.4
2014-06-24,747.95,819.9,-8.78
2014-06-25,777.66,747.95,3.97
2014-06-26,830.0,777.66,6.73
2014-06-27,788.5,830.0,-5.0
2014-06-30,723.06,788.5,-8.3
2014-07-01,649.63,723.06,-10.16
2014-07-02,677.01,649.63,4.21
2014-07-03,663.0,677.01,-2.07
2014-07-07,640.19,663.0,-3.44
2014-07-08,640.0,640.19,-0.03
2014-07-09,632.05,640.0,-1.24
2014-07-10,656.97,632.05,3.94
2014-07-11,710.0,656.97,8.07
2014-07-14,737.12,710.0,3.82
2014-07-15,743.21,737.12,0.83
2014-07-16,727.02,743.21,-2.18
2014-07-17,700.0,727.02,-3.72
2014-07-18,744.0,700.0,6.29
2014-07-21,747.05,744.0,0.41
2014-07-22,688.65,747.05,-7.82
2014-07-23,700.0,688.65,1.65
2014-07-24,716.29,700.0,2.33
2014-07-25,698.55,716.29,-2.48
2014-07-28,675.01,698.55,-3.37
2014-07-29,690.0,675.01,2.22
2014-07-30,699.7,690.0,1.41
2014-07-31,613.02,699.7,-12.39
2014-08-01,580.0,613.02,-5.39
2014-08-04,548.24,580.0,-5.48
2014-08-05,572.98,548.24,4.51
2014-08-06,598.05,572.98,4.38
2014-08-07,598.36,598.05,0.05
2014-08-08,604.99,598.36,1.11
2014-08-11,600.0,604.99,-0.82
2014-08-12,560.01,600.0,-6.67
2014-08-13,540.0,560.01,-3.57
2014-08-14,542.48,540.0,0.46
2014-08-15,571.28,542.48,5.31
2014-08-18,579.88,571.28,1.51
2014-08-19,569.85,579.88,-1.73
2014-08-20,593.5,569.85,4.15
2014-08-21,598.65,593.5,0.87
2014-08-22,620.0,598.65,3.57
2014-08-25,659.0,620.0,6.29
2014-08-26,701.0,659.0,6.37
2014-08-27,705.0,701.0,0.57
2014-08-28,720.15,705.0,2.15
2014-08-29,744.43,720.15,3.37
2014-09-02,763.75,744.43,2.6
2014-09-03,727.25,763.75,-4.78
2014-09-04,729.1,727.25,0.25
2014-09-05,732.99,729.1,0.53
2014-09-08,710.95,732.99,-3.01
2014-09-09,702.1,710.95,-1.24
2014-09-10,701.11,702.1,-0.14
2014-09-11,702.15,701.11,0.15
2014-09-12,695.07,702.15,-1.01
2014-09-15,682.3,695.07,-1.84
2014-09-16,682.32,682.3,0.0
2014-09-17,695.0,682.32,1.86
2014-09-18,703.0,695.0,1.15
2014-09-19,720.65,703.0,2.51
2014-09-22,722.01,720.65,0.19
2014-09-23,710.0,722.01,-1.66
2014-09-24,724.88,710.0,2.1
2014-09-25,697.0,724.88,-3.85
2014-09-26,700.0,697.0,0.43
2014-09-29,706.88,700.0,0.98
2014-09-30,675.01,706.88,-4.51
2014-10-01,676.0,675.01,0.15
2014-10-02,680.25,676.0,0.63
2014-10-03,699.92,680.25,2.89
2014-10-06,694.51,699.92,-0.77
2014-10-07,675.25,694.51,-2.77
2014-10-08,679.82,675.25,0.68
2014-10-09,654.5,679.82,-3.72
2014-10-10,646.06,654.5,-1.29
2014-10-13,625.0,646.06,-3.26
2014-10-14,631.51,625.0,1.04
2014-10-15,644.0,631.51,1.98
2014-10-16,664.9,644.0,3.25
2014-10-17,665.01,664.9,0.02
2014-10-20,690.99,665.01,3.91
2014-10-21,635.0,690.99,-8.1
2014-10-22,575.01,635.0,-9.45
2014-10-23,564.99,575.01,-1.74
2014-10-24,553.0,564.99,-2.12
2014-10-27,550.0,553.0,-0.54
2014-10-28,569.01,550.0,3.46
2014-10-29,544.5,569.01,-4.31
2014-10-30,574.99,544.5,5.6
2014-10-31,540.0,574.99,-6.09
2014-11-03,538.01,540.0,-0.37
2014-11-04,510.0,538.01,-5.21
2014-11-05,501.22,510.0,-1.72
2014-11-06,512.0,501.22,2.15
2014-11-07,523.99,512.0,2.34
2014-11-10,536.99,523.99,2.48
2014-11-11,582.42,536.99,8.46
2014-11-12,526.0,582.42,-9.69
2014-11-13,491.84,526.0,-6.49
2014-11-14,481.0,491.84,-2.2
2014-11-17,490.5,481.0,1.98
2014-11-18,491.02,490.5,0.11
2014-11-19,474.0,491.02,-3.47
2014-11-20,480.0,474.0,1.27
2014-11-21,505.0,480.0,5.21
2014-11-24,534.99,505.0,5.94
2014-11-25,549.0,534.99,2.62
2014-11-26,554.5,549.0,1.0
2014-11-28,495.0,554.5,-10.73
2014-12-01,494.0,495.0,-0.2
2014-12-02,506.0,494.0,2.43
2014-12-03,490.05,506.0,-3.15
2014-12-04,499.99,490.05,2.03
2014-12-05,495.01,499.99,-1.0
2014-12-08,456.05,495.01,-7.87
2014-12-09,451.0,456.05,-1.11
2014-12-10,440.92,451.0,-2.24
2014-12-11,448.11,440.92,1.63
2014-12-12,451.0,448.11,0.64
2014-12-15,442.0,451.0,-2.0
2014-12-16,436.65,442.0,-1.21
2014-12-17,471.75,436.65,8.04
2014-12-18,465.74,471.75,-1.27
2014-12-19,465.3,465.74,-0.09
2014-12-22,356.5,465.3,-23.38
2014-12-23,339.99,356.5,-4.63
2014-12-24,335.99,339.99,-1.18
2014-12-26,336.0,335.99,0.0
2014-12-29,334.05,336.0,-0.58
2014-12-30,340.0,334.05,1.78
2014-12-31,310.12,340.0,-8.79
2015-01-02,327.18,310.12,5.5
2015-01-05,340.87,327.18,4.18
2015-01-06,328.0,340.87,-3.78
2015-01-07,330.01,328.0,0.61
2015-01-08,342.85,330.01,3.89
2015-01-09,312.26,342.85,-8.92
2015-01-12,321.81,312.26,3.06
2015-01-13,214.28,321.81,-33.41
2015-01-14,205.32,214.28,-4.18
2015-01-15,231.35,205.32,12.68
2015-01-16,300.01,231.35,29.68
2015-01-20,269.68,300.01,-10.11
2015-01-21,269.99,269.68,0.11
2015-01-22,240.11,269.99,-11.07
2015-01-23,223.81,240.11,-6.79
2015-01-26,239.68,223.81,7.09
2015-01-27,220.4,239.68,-8.04
2015-01-28,190.75,220.4,-13.45
2015-01-29,172.01,190.75,-9.82
2015-01-30,160.0,172.01,-6.98
2015-02-02,156.33,160.0,-2.29
2015-02-03,168.45,156.33,7.75
2015-02-04,170.4,168.45,1.16
2015-02-05,185.0,170.4,8.57
2015-02-06,195.29,185.0,5.56
2015-02-09,183.51,195.29,-6.03
2015-02-10,177.0,183.51,-3.55
2015-02-11,173.63,177.0,-1.9
2015-02-12,181.75,173.63,4.68
2015-02-13,173.53,181.75,-4.52
2015-02-17,187.25,173.53,7.91
2015-02-18,195.85,187.25,4.59
2015-02-19,199.5,195.85,1.86
2015-02-20,203.0,199.5,1.75
2015-02-23,215.0,203.0,5.91
2015-02-24,211.99,215.0,-1.4
2015-02-25,208.0,211.99,-1.88
2015-02-26,188.3,208.0,-9.47
2015-02-27,177.05,188.3,-5.97
2015-03-02,193.0,177.05,9.01
2015-03-03,203.0,193.0,5.18
2015-03-04,203.65,203.0,0.32
2015-03-05,203.36,203.65,-0.14
2015-03-06,195.25,203.36,-3.99
2015-03-09,206.5,195.25,5.76
2015-03-10,202.0,206.5,-2.18
2015-03-11,203.0,202.0,0.5
2015-03-12,254.04,203.0,25.14
2015-03-13,236.43,254.04,-6.93
2015-03-16,226.0,236.43,-4.41
2015-03-17,210.07,226.0,-7.05
2015-03-18,212.0,210.07,0.92
2015-03-19,204.22,212.0,-3.67
2015-03-20,206.0,204.22,0.87
2015-03-23,202.5,206.0,-1.7
2015-03-24,199.0,202.5,-1.73
2015-03-25,193.55,199.0,-2.74
2015-03-26,192.08,193.55,-0.76
2015-03-27,191.0,192.08,-0.56
2015-03-30,187.05,191.0,-2.07
2015-03-31,185.13,187.05,-1.03
2015-04-01,202.97,185.13,9.64
2015-04-02,212.0,202.97,4.45
2015-04-06,232.33,212.0,9.59
2015-04-07,259.95,232.33,11.89
2015-04-08,255.04,259.95,-1.89
2015-04-09,247.0,255.04,-3.15
2015-04-10,239.0,247.0,-3.24
2015-04-13,233.75,239.0,-2.2
2015-04-14,228.0,233.75,-2.46
2015-04-15,236.31,228.0,3.64
2015-04-16,232.98,236.31,-1.41
2015-04-17,222.04,232.98,-4.7
2015-04-20,231.95,222.04,4.46
2015-04-21,227.4,231.95,-1.96
2015-04-22,223.83,227.4,-1.57
2015-04-23,221.28,223.83,-1.14
2015-04-24,217.99,221.28,-1.49
2015-04-27,215.85,217.99,-0.98
2015-04-28,216.79,215.85,0.44
2015-04-29,231.55,216.79,6.81
2015-04-30,224.0,231.55,-3.26
2015-05-01,225.01,224.0,0.45
2015-05-04,216.5,225.01,-3.78
2015-05-05,220.0,216.5,1.62
2015-05-06,216.57,220.0,-1.56
2015-05-07,227.35,216.57,4.98
2015-05-08,204.65,227.35,-9.98
2015-05-11,197.85,204.65,-3.32
2015-05-12,192.0,197.85,-2.96
2015-05-13,181.85,192.0,-5.29
2015-05-14,182.6,181.85,0.41
2015-05-15,177.02,182.6,-3.06
2015-05-18,173.99,177.02,-1.71
2015-05-19,183.85,173.99,5.67
2015-05-20,182.0,183.85,-1.01
2015-05-21,185.0,182.0,1.65
2015-05-22,188.24,185.0,1.75
2015-05-26,169.01,188.24,-10.22
2015-05-27,173.35,169.01,2.57
2015-05-28,173.06,173.35,-0.17
2015-05-29,170.39,173.06,-1.54
2015-06-01,167.0,170.39,-1.99
2015-06-02,168.2,167.0,0.72
2015-06-03,163.84,168.2,-2.59
2015-06-04,162.66,163.84,-0.72
2015-06-05,171.29,162.66,5.31
2015-06-08,162.0,171.29,-5.42
2015-06-09,161.0,162.0,-0.62
2015-06-10,162.89,161.0,1.17
2015-06-11,167.0,162.89,2.52
2015-06-12,165.14,167.0,-1.11
2015-06-15,157.02,165.14,-4.92
2015-06-16,152.81,157.02,-2.68
2015-06-17,151.35,152.81,-0.96
2015-06-18,153.27,151.35,1.27
2015-06-19,158.69,153.27,3.54
2015-06-22,157.88,158.69,-0.51
2015-06-23,155.03,157.88,-1.81
2015-06-24,145.27,155.03,-6.3
2015-06-25,140.5,145.27,-3.28
2015-06-26,146.0,140.5,3.91
2015-06-29,146.0,146.0,0.0
2015-06-30,144.29,146.0,-1.17
2015-07-01,143.85,144.29,-0.3
2015-07-02,140.5,143.85,-2.33
2015-07-06,140.05,140.5,-0.32
2015-07-07,140.75,140.05,0.5
2015-07-08,133.63,140.75,-5.06
2015-07-09,131.01,133.63,-1.96
2015-07-10,137.99,131.01,5.33
2015-07-13,144.74,137.99,4.89
2015-07-14,146.47,144.74,1.2
2015-07-15,147.05,146.47,0.4
2015-07-16,147.1,147.05,0.03
2015-07-17,146.61,147.1,-0.33
2015-07-20,137.25,146.61,-6.38
2015-07-21,135.27,137.25,-1.44
2015-07-22,133.95,135.27,-0.98
2015-07-23,139.13,133.95,3.87
2015-07-24,138.02,139.13,-0.8
2015-07-27,133.1,138.02,-3.56
2015-07-28,135.0,133.1,1.43
2015-07-29,137.0,135.0,1.48
2015-07-30,132.0,137.0,-3.65
2015-07-31,132.57,132.0,0.43
2015-08-03,130.45,132.57,-1.6
2015-08-04,130.05,130.45,-0.31
2015-08-05,133.75,130.05,2.85
2015-08-06,130.12,133.75,-2.71
2015-08-07,132.86,130.12,2.11
2015-08-10,113.98,132.86,-14.21
2015-08-11,105.47,113.98,-7.47
2015-08-12,100.01,105.47,-5.18
2015-08-13,96.88,100.01,-3.13
2015-08-14,93.0,96.88,-4.0
2015-08-17,79.75,93.0,-14.25
2015-08-18,60.01,79.75,-24.75
2015-08-19,43.01,60.01,-28.33
2015-08-20,37.7,43.01,-12.35
2015-08-21,34.4,37.7,-8.75
2015-08-24,32.8,34.4,-4.65
2015-08-25,30.02,32.8,-8.48
2015-08-26,33.4,30.02,11.26
2015-08-27,37.8,33.4,13.17
2015-08-28,35.7,37.8,-5.56
2015-08-31,38.49,35.7,7.82
2015-09-01,39.53,38.49,2.7
2015-09-02,39.0,39.53,-1.34
2015-09-03,35.57,39.0,-8.79
2015-09-04,32.6,35.57,-8.35
2015-09-08,30.25,32.6,-7.21
2015-09-09,27.22,30.25,-10.02
2015-09-10,25.0,27.22,-8.16
2015-09-11,28.8,25.0,15.2
2015-09-14,26.03,28.8,-9.62
2015-09-15,27.61,26.03,6.07
2015-09-16,26.64,27.61,-3.51
2015-09-17,27.21,26.64,2.14
2015-09-18,25.84,27.21,-5.03
2015-09-21,24.65,25.84,-4.61
2015-09-22,25.06,24.65,1.66
2015-09-23,23.8,25.06,-5.03
2015-09-24,24.4,23.8,2.52
2015-09-25,24.63,24.4,0.94
2015-09-28,24.05,24.63,-2.35
2015-09-29,23.55,24.05,-2.08
2015-09-30,23.95,23.55,1.7
2015-10-01,23.3,23.95,-2.71
2015-10-02,22.98,23.3,-1.37
2015-10-05,24.93,22.98,8.49
2015-10-06,25.5,24.93,2.29
2015-10-07,28.0,25.5,9.8
2015-10-08,29.4,28.0,5.0
2015-10-09,32.34,29.4,10.0
2015-10-12,38.0,32.34,17.5
2015-10-13,31.6,38.0,-16.84
2015-10-14,29.61,31.6,-6.3
2015-10-15,33.35,29.61,12.63
2015-10-16,29.8,33.35,-10.64
2015-10-19,29.36,29.8,-1.48
2015-10-20,28.4,29.36,-3.27
2015-10-21,26.73,28.4,-5.88
2015-10-22,27.55,26.73,3.07
2015-10-23,26.7,27.55,-3.09
2015-10-26,25.2,26.7,-5.62
2015-10-27,25.21,25.2,0.04
2015-10-28,25.5,25.21,1.15
2015-10-29,23.77,25.5,-6.78
2015-10-30,24.6,23.77,3.49
2015-11-02,26.65,24.6,8.33
2015-11-03,33.8,26.65,26.83
2015-11-04,27.5,33.8,-18.64
2015-11-05,26.61,27.5,-3.24
2015-11-06,26.0,26.61,-2.29
2015-11-09,23.85,26.0,-8.27
2015-11-10,21.02,23.85,-11.87
2015-11-11,20.75,21.02,-1.28
2015-11-12,19.17,20.75,-7.61
2015-11-13,17.5,19.17,-8.71
2015-11-16,15.58,17.5,-10.97
2015-11-17,12.59,15.58,-19.19
2015-11-18,13.21,12.59,4.92
2015-11-19,13.15,13.21,-0.45
2015-11-20,12.0,13.15,-8.75
2015-11-23,13.35,12.0,11.25
2015-11-24,14.12,13.35,5.77
2015-11-25,14.61,14.12,3.47
2015-11-27,16.61,14.61,13.69
2015-11-30,16.96,16.61,2.11
2015-12-01,16.5,16.96,-2.71
2015-12-02,14.92,16.5,-9.58
2015-12-03,16.05,14.92,7.57
2015-12-04,14.65,16.05,-8.72
2015-12-07,13.88,14.65,-5.26
2015-12-08,13.01,13.88,-6.27
2015-12-09,12.63,13.01,-2.92
2015-12-10,12.5,12.63,-1.03
2015-12-11,12.4,12.5,-0.8
2015-12-14,11.34,12.4,-8.55
2015-12-15,13.6,11.34,19.93
2015-12-16,14.27,13.6,4.93
2015-12-17,13.96,14.27,-2.17
2015-12-18,14.59,13.96,4.51
2015-12-21,15.35,14.59,5.21
2015-12-22,16.56,15.35,7.88
2015-12-23,19.06,16.56,15.1
2015-12-24,20.3,19.06,6.51
2015-12-28,18.01,20.3,-11.28
2015-12-29,19.44,18.01,7.94
2015-12-30,17.55,19.44,-9.72
2015-12-31,17.16,17.55,-2.22
2016-01-04,20.01,17.16,16.61
2016-01-05,19.92,20.01,-0.45
2016-01-06,19.97,19.92,0.25
2016-01-07,15.48,19.97,-22.48
2016-01-08,15.6896,15.48,1.35
2016-01-11,16.82,15.6896,7.2
2016-01-12,16.47,16.82,-2.08
2016-01-13,15.04,16.47,-8.68
2016-01-14,16.98,15.04,12.9
2016-01-15,17.07,16.98,0.53
2016-01-19,17.01,17.07,-0.35
2016-01-20,16.38,17.01,-3.7
2016-01-21,15.44,16.38,-5.74
2016-01-22,17.38,15.44,12.56
2016-01-25,16.65,17.38,-4.2
2016-01-26,16.95,16.65,1.8
2016-01-27,16.35,16.95,-3.54
2016-01-28,15.65,16.35,-4.28
2016-01-29,15.45,15.65,-1.28
2016-02-01,15.25,15.45,-1.29
2016-02-02,14.97,15.25,-1.84
2016-02-03,15.68,14.97,4.74
2016-02-04,16.99,15.68,8.35
2016-02-05,16.03,16.99,-5.65
2016-02-08,15.0,16.03,-6.43
2016-02-09,14.69,15.0,-2.07
2016-02-10,15.19,14.69,3.4
2016-02-11,15.05,15.19,-0.92
2016-02-12,15.73,15.05,4.52
2016-02-16,16.95,15.73,7.76
2016-02-17,18.43,16.95,8.73
2016-02-18,17.6,18.43,-4.5
2016-02-19,18.95,17.6,7.67
2016-02-22,19.3,18.95,1.85
2016-02-23,18.36,19.3,-4.87
2016-02-24,17.95,18.36,-2.23
2016-02-25,17.64,17.95,-1.73
2016-02-26,18.01,17.64,2.1
2016-02-29,17.0,18.01,-5.61
2016-03-01,17.3,17.0,1.76
2016-03-02,17.14,17.3,-0.92
2016-03-03,16.89,17.14,-1.46
2016-03-04,15.75,16.89,-6.75
2016-03-07,14.21,15.75,-9.78
2016-03-08,13.32,14.21,-6.26
2016-03-09,13.2,13.32,-0.9
2016-03-10,13.03,13.2,-1.29
2016-03-11,13.15,13.03,0.92
2016-03-14,13.4,13.15,1.9
2016-03-15,13.33,13.4,-0.52
2016-03-16,13.37,13.33,0.3
2016-03-17,13.75,13.37,2.84
2016-03-18,14.25,13.75,3.64
2016-03-21,14.09,14.25,-1.12
2016-03-22,13.98,14.09,-0.78
2016-03-23,13.64,13.98,-2.43
2016-03-24,12.9,13.64,-5.43
2016-03-28,12.03,12.9,-6.74
2016-03-29,11.77,12.03,-2.16
2016-03-30,11.86,11.77,0.76
2016-03-31,11.8,11.86,-0.51
2016-04-01,12.76,11.8,8.14
2016-04-04,14.28,12.76,11.91
2016-04-05,14.15,14.28,-0.91
2016-04-06,16.59,14.15,17.24
2016-04-07,16.14,16.59,-2.71
2016-04-08,18.02,16.14,11.65
2016-04-11,20.12,18.02,11.65
2016-04-12,20.23,20.12,0.55
2016-04-13,19.37,20.23,-4.25
2016-04-14,19.865,19.37,2.56
2016-04-15,19.89,19.865,0.13
2016-04-18,21.86,19.89,9.9
2016-04-19,20.4,21.86,-6.68
2016-04-20,18.28,20.4,-10.39
2016-04-21,16.68,18.28,-8.75
2016-04-22,16.01,16.68,-4.02
2016-04-25,15.53,16.01,-3.0
2016-04-26,15.24,15.53,-1.87
2016-04-27,15.21,15.24,-0.2
2016-04-28,15.04,15.21,-1.12
2016-04-29,16.75,15.04,11.37
2016-05-02,15.36,16.75,-8.3
2016-05-03,15.28,15.36,-0.52
2016-05-04,13.85,15.28,-9.36
2016-05-05,12.83,13.85,-7.36
2016-05-06,12.65,12.83,-1.4
2016-05-09,17.51,12.65,38.42
2016-05-10,13.66,17.51,-21.99
2016-05-11,12.83,13.66,-6.08
2016-05-12,12.2,12.83,-4.91
2016-05-13,12.51,12.2,2.54
2016-05-16,13.1,12.51,4.72
2016-05-17,12.58,13.1,-3.97
2016-05-18,12.54,12.58,-0.32
2016-05-19,12.56,12.54,0.16
2016-05-20,13.32,12.56,6.05
2016-05-23,13.81,13.32,3.68
2016-05-24,14.02,13.81,1.52
2016-05-25,16.07,14.02,14.62
2016-05-26,16.97,16.07,5.6
2016-05-27,18.08,16.97,6.54
2016-05-31,19.08,18.08,5.53
2016-06-01,19.5,19.08,2.2
2016-06-02,21.32,19.5,9.33
2016-06-03,22.36,21.32,4.88
2016-06-06,24.37,22.36,8.99
2016-06-07,22.36,24.37,-8.25
2016-06-08,22.28,22.36,-0.36
2016-06-09,20.66,22.28,-7.27
2016-06-10,18.93,20.66,-8.37
2016-06-13,16.63,18.93,-12.15
2016-06-14,16.8399,16.63,1.26
2016-06-15,16.92,16.8399,0.48
2016-06-16,16.56,16.92,-2.13
2016-06-17,17.95,16.56,8.39
2016-06-20,17.61,17.95,-1.89
2016-06-21,17.0,17.61,-3.46
2016-06-22,16.03,17.0,-5.71
2016-06-23,16.25,16.03,1.37
2016-06-24,14.98,16.25,-7.82
2016-06-27,13.5,14.98,-9.88
2016-06-28,14.0,13.5,3.7
2016-06-29,14.55,14.0,3.93
2016-06-30,14.57,14.55,0.14
2016-07-01,14.792,14.57,1.52
2016-07-05,13.85,14.792,-6.37
2016-07-06,13.71,13.85,-1.01
2016-07-07,13.5,13.71,-1.53
2016-07-08,13.43,13.5,-0.52
2016-07-11,13.97,13.43,4.02
2016-07-12,13.84,13.97,-0.93
2016-07-13,13.91,13.84,0.51
2016-07-14,13.53,13.91,-2.73
2016-07-15,13.7,13.53,1.26
2016-07-18,13.5,13.7,-1.46
2016-07-19,12.94,13.5,-4.15
2016-07-20,13.77,12.94,6.41
2016-07-21,14.3,13.77,3.85
2016-07-22,15.2699,14.3,6.78
2016-07-25,13.83,15.2699,-9.43
2016-07-26,13.41,13.83,-3.04
2016-07-27,13.03,13.41,-2.83
2016-07-28,13.08,13.03,0.38
2016-07-29,12.86,13.08,-1.68
2016-08-01,12.55,12.86,-2.41
2016-08-02,12.84,12.55,2.31
2016-08-03,12.65,12.84,-1.48
2016-08-04,12.77,12.65,0.95
2016-08-05,13.11,12.77,2.66
2016-08-08,13.595,13.11,3.7
2016-08-09,13.28,13.595,-2.32
2016-08-10,12.84,13.28,-3.31
2016-08-11,13.11,12.84,2.1
2016-08-12,13.3,13.11,1.45
2016-08-15,13.676,13.3,2.83
2016-08-16,13.71,13.676,0.25
2016-08-17,13.62,13.71,-0.66
2016-08-18,14.06,13.62,3.23
2016-08-19,14.14,14.06,0.57
2016-08-22,13.54,14.14,-4.24
2016-08-23,13.5904,13.54,0.37
2016-08-24,13.3,13.5904,-2.14
2016-08-25,12.72,13.3,-4.36
2016-08-26,12.8,12.72,0.63
2016-08-29,13.15,12.8,2.73
2016-08-30,13.52,13.15,2.81
2016-08-31,14.13,13.52,4.51
2016-09-01,14.45,14.13,2.26
2016-09-02,13.47,14.45,-6.78
2016-09-06,13.16,13.47,-2.3
2016-09-07,13.22,13.16,0.46
2016-09-08,13.1,13.22,-0.91
2016-09-09,13.5,13.1,3.05
2016-09-12,13.79,13.5,2.15
2016-09-13,13.71,13.79,-0.58
2016-09-14,13.98,13.71,1.97
2016-09-15,13.82,13.98,-1.14
2016-09-16,13.9,13.82,0.58
2016-09-19,14.46,13.9,4.03
2016-09-20,14.77,14.46,2.14
2016-09-21,16.4,14.77,11.04
2016-09-22,17.1,16.4,4.27
2016-09-23,16.6,17.1,-2.92
2016-09-26,15.45,16.6,-6.93
2016-09-27,16.23,15.45,5.05
2016-09-28,16.78,16.23,3.39
2016-09-29,16.8,16.78,0.12
2016-09-30,18.5,16.8,10.12
2016-10-03,21.95,18.5,18.65
2016-10-04,21.18,21.95,-3.51
2016-10-05,21.26,21.18,0.38
2016-10-06,22.25,21.26,4.66
2016-10-07,25.0413,22.25,12.55
2016-10-10,28.04,25.0413,11.98
2016-10-11,33.65,28.04,20.01
2016-10-12,49.0,33.65,45.62
2016-10-13,41.2,49.0,-15.92
2016-10-14,35.0,41.2,-15.05
2016-10-17,33.45,35.0,-4.43
2016-10-18,37.95,33.45,13.45
2016-10-19,34.25,37.95,-9.75
2016-10-20,36.65,34.25,7.01
2016-10-21,38.55,36.65,5.18
2016-10-24,37.55,38.55,-2.59
2016-10-25,32.85,37.55,-12.52
2016-10-26,32.95,32.85,0.3
2016-10-27,32.5,32.95,-1.37
2016-10-28,32.875,32.5,1.15
2016-10-31,34.15,32.875,3.88
2016-11-01,35.05,34.15,2.64
2016-11-02,35.5,35.05,1.28
2016-11-03,35.95,35.5,1.27
2016-11-04,36.7,35.95,2.09
2016-11-07,35.1,36.7,-4.36
2016-11-08,34.15,35.1,-2.71
2016-11-09,36.5,34.15,6.88
2016-11-10,36.6,36.5,0.27
2016-11-11,36.6,36.6,0.0
2016-11-14,33.0,36.6,-9.84
2016-11-15,32.5,33.0,-1.52
2016-11-16,30.25,32.5,-6.92
2016-11-17,28.6,30.25,-5.45
2016-11-18,28.2,28.6,-1.4
2016-11-21,27.6,28.2,-2.13
2016-11-22,28.5,27.6,3.26
2016-11-23,29.0,28.5,1.75
2016-11-25,28.9,29.0,-0.34
2016-11-28,29.95,28.9,3.63
2016-11-29,28.9,29.95,-3.51
2016-11-30,28.85,28.9,-0.17
2016-12-01,27.6,28.85,-4.33
2016-12-02,28.0,27.6,1.45
2016-12-05,29.0,28.0,3.57
2016-12-06,33.0,29.0,13.79
2016-12-07,37.05,33.0,12.27
2016-12-08,41.55,37.05,12.15
2016-12-09,42.5,41.55,2.29
2016-12-12,42.0,42.5,-1.18
2016-12-13,41.85,42.0,-0.36
2016-12-14,43.8,41.85,4.66
2016-12-15,46.85,43.8,6.96
2016-12-16,53.95,46.85,15.15
2016-12-19,48.0,53.95,-11.03
2016-12-20,45.25,48.0,-5.73
2016-12-21,51.5,45.25,13.81
2016-12-22,52.65,51.5,2.23
2016-12-23,53.8,52.65,2.18
2016-12-27,57.752,53.8,7.35
2016-12-28,51.8,57.752,-10.31
2016-12-29,49.1,51.8,-5.21
2016-12-30,53.5,49.1,8.96
2017-01-03,53.0,53.5,-0.93
2017-01-04,55.95,53.0,5.57
2017-01-05,58.0,55.95,3.66
2017-01-06,59.0,58.0,1.72
2017-01-09,59.9,59.0,1.53
2017-01-10,59.95,59.9,0.08
2017-01-11,64.15,59.95,7.01
2017-01-12,63.8,64.15,-0.55
2017-01-13,69.1578,63.8,8.4
2017-01-17,70.0,69.1578,1.22
2017-01-18,70.3,70.0,0.43
2017-01-19,73.0,70.3,3.84
2017-01-20,71.95,73.0,-1.44
2017-01-23,63.0,71.95,-12.44
2017-01-24,63.9,63.0,1.43
2017-01-25,62.45,63.9,-2.27
2017-01-26,59.65,62.45,-4.48
2017-01-27,61.95,59.65,3.86
2017-01-30,62.25,61.95,0.48
2017-01-31,62.8,62.25,0.88
2017-02-01,65.0,62.8,3.5
2017-02-02,80.4893,65.0,23.83
2017-02-03,76.35,80.4893,-5.14
2017-02-06,80.25,76.35,5.11
2017-02-07,80.655,80.25,0.5
2017-02-08,77.75,80.655,-3.6
2017-02-09,73.3011,77.75,-5.72
2017-02-10,75.15,73.3011,2.52
2017-02-13,75.5,75.15,0.47
2017-02-14,76.075,75.5,0.76
2017-02-15,77.975,76.075,2.5
2017-02-16,74.6489,77.975,-4.27
2017-02-17,76.85,74.6489,2.95
2017-02-21,75.0,76.85,-2.41
2017-02-22,73.5,75.0,-2.0
2017-02-23,72.0,73.5,-2.04
2017-02-24,70.55,72.0,-2.01
2017-02-27,71.1,70.55,0.78
2017-02-28,70.3,71.1,-1.13
2017-03-01,73.55,70.3,4.62
2017-03-02,79.0,73.55,7.41
2017-03-03,85.9,79.0,8.73
2017-03-06,80.6,85.9,-6.17
2017-03-07,77.4,80.6,-3.97
2017-03-08,76.6,77.4,-1.03
2017-03-09,75.4,76.6,-1.57
2017-03-10,75.95,75.4,0.73
2017-03-13,74.45,75.95,-1.97
2017-03-14,74.55,74.45,0.13
2017-03-15,74.2,74.55,-0.47
2017-03-16,73.5,74.2,-0.94
2017-03-17,63.1,73.5,-14.15
2017-03-20,60.5,63.1,-4.12
2017-03-21,60.0,60.5,-0.83
2017-03-22,57.95,60.0,-3.42
2017-03-23,54.45,57.95,-6.04
2017-03-24,57.75,54.45,6.06
2017-03-27,61.5,57.75,6.49
2017-03-28,67.95,61.5,10.49
2017-03-29,68.5,67.95,0.81
2017-03-30,74.9999,68.5,9.49
2017-03-31,75.25,74.9999,0.33
2017-04-03,72.8,75.25,-3.26
2017-04-04,67.0,72.8,-7.97
2017-04-05,64.0,67.0,-4.48
2017-04-06,64.75,64.0,1.17
2017-04-07,67.0,64.75,3.47
2017-04-10,69.0,67.0,2.99
2017-04-11,69.6,69.0,0.87
2017-04-12,71.1401,69.6,2.21
2017-04-13,72.0,71.1401,1.21
2017-04-17,73.5,72.0,2.08
2017-04-18,72.95,73.5,-0.75
2017-04-19,73.0,72.95,0.07
2017-04-20,70.35,73.0,-3.63
2017-04-21,69.8,70.35,-0.78
2017-04-24,72.25,69.8,3.51
2017-04-25,74.85,72.25,3.6
2017-04-26,74.5,74.85,-0.47
2017-04-27,73.8,74.5,-0.94
2017-05-01,75.0537,73.8,1.7
2017-05-02,71.75,75.0537,-4.4
2017-05-03,70.55,71.75,-1.67
2017-05-04,69.65,70.55,-1.28
2017-05-05,71.7,69.65,2.94
2017-05-08,72.05,71.7,0.49
2017-05-09,75.5,72.05,4.79
2017-05-10,74.0,75.5,-1.99
2017-05-11,71.95,74.0,-2.77
2017-05-12,70.15,71.95,-2.5
2017-05-15,73.45,70.15,4.7
2017-05-16,76.15,73.45,3.68
2017-05-17,73.05,76.15,-4.07
2017-05-18,73.5,73.05,0.62
2017-05-19,74.75,73.5,1.7
2017-05-22,74.95,74.75,0.27
2017-05-23,78.55,74.95,4.8
2017-05-24,89.0,78.55,13.3
2017-05-25,91.95,89.0,3.31
2017-05-26,90.25,91.95,-1.85
2017-05-30,90.0,90.25,-0.28
2017-05-31,91.0,90.0,1.11
2017-06-01,91.75,91.0,0.82
2017-06-02,92.0,91.75,0.27
2017-06-05,90.5,92.0,-1.63
2017-06-06,89.8,90.5,-0.77
2017-06-07,87.075,89.8,-3.03
2017-06-08,84.9,87.075,-2.5
2017-06-09,88.7,84.9,4.48
2017-06-12,86.0,88.7,-3.04
2017-06-13,87.85,86.0,2.15
2017-06-14,88.55,87.85,0.8
2017-06-15,84.1,88.55,-5.03
2017-06-16,89.45,84.1,6.36
2017-06-19,85.2,89.45,-4.75
2017-06-20,87.0,85.2,2.11
2017-06-21,87.95,87.0,1.09
2017-06-22,90.95,87.95,3.41
2017-06-23,89.9,90.95,-1.15
2017-06-26,91.0,89.9,1.22
2017-06-27,87.95,91.0,-3.35
2017-06-28,88.0,87.95,0.06
2017-06-29,87.305,88.0,-0.79
2017-06-30,91.3992,87.305,4.69
2017-07-03,90.0,91.3992,-1.53
2017-07-05,88.975,90.0,-1.14
2017-07-06,92.0,88.975,3.4
2017-07-07,93.0,92.0,1.09
2017-07-10,91.65,93.0,-1.45
2017-07-11,91.9989,91.65,0.38
2017-07-12,91.45,91.9989,-0.6
2017-07-13,92.5,91.45,1.15
2017-07-14,93.0,92.5,0.54
2017-07-17,92.2499,93.0,-0.81
2017-07-18,94.0,92.2499,1.9
2017-07-19,94.35,94.0,0.37
2017-07-20,93.5,94.35,-0.9
2017-07-21,95.0,93.5,1.6
2017-07-24,94.0,95.0,-1.05
2017-07-25,93.0,94.0,-1.06
2017-07-26,92.65,93.0,-0.38
2017-07-27,92.0,92.65,-0.7
2017-07-28,91.9,92.0,-0.11
2017-07-31,92.0,91.9,0.11
2017-08-01,92.4,92.0,0.43
2017-08-02,88.9,92.4,-3.79
2017-08-03,87.0,88.9,-2.14
2017-08-04,87.0,87.0,0.0
2017-08-07,88.75,87.0,2.01
2017-08-08,86.25,88.75,-2.82
2017-08-09,82.0,86.25,-4.93
2017-08-10,74.75,82.0,-8.84
2017-08-11,73.5,74.75,-1.67
2017-08-14,73.55,73.5,0.07
2017-08-15,73.75,73.55,0.27
2017-08-16,74.5,73.75,1.02
2017-08-17,75.75,74.5,1.68
2017-08-18,82.6,75.75,9.04
2017-08-21,76.9774,82.6,-6.81
2017-08-22,78.05,76.9774,1.39
2017-08-23,81.7644,78.05,4.76
2017-08-24,80.0,81.7644,-2.16
2017-08-25,80.0,80.0,0.0
2017-08-28,81.0,80.0,1.25
2017-08-29,86.0,81.0,6.17
2017-08-30,86.75,86.0,0.87
2017-08-31,91.7,86.75,5.71
2017-09-01,93.0,91.7,1.42
2017-09-05,99.0,93.0,6.45
2017-09-06,108.7,99.0,9.8
2017-09-07,101.95,108.7,-6.21
2017-09-08,100.0,101.95,-1.91
2017-09-11,109.0,100.0,9.0
2017-09-12,102.788,109.0,-5.7
2017-09-13,103.75,102.788,0.94
2017-09-14,109.35,103.75,5.4
2017-09-15,97.45,109.35,-10.88
2017-09-18,101.5,97.45,4.16
2017-09-19,98.0,101.5,-3.45
2017-09-20,88.0,98.0,-10.2
2017-09-21,87.5125,88.0,-0.55
2017-09-22,88.95,87.5125,1.64
2017-09-25,85.0,88.95,-4.44
2017-09-26,85.55,85.0,0.65
2017-09-27,85.675,85.55,0.15
2017-09-28,84.95,85.675,-0.85
2017-09-29,80.2,84.95,-5.59
2017-10-02,82.0,80.2,2.24
2017-10-03,84.0001,82.0,2.44
2017-10-04,87.25,84.0001,3.87
2017-10-05,90.0,87.25,3.15
2017-10-06,89.05,90.0,-1.06
2017-10-09,87.65,89.05,-1.57
2017-10-10,84.05,87.65,-4.11
2017-10-11,84.5,84.05,0.54
2017-10-16,86.95,84.5,2.9
2017-10-17,87.0,86.95,0.06
2017-10-18,86.3,87.0,-0.8
2017-10-19,85.25,86.3,-1.22
2017-10-20,85.5,85.25,0.29
2017-10-23,84.05,85.5,-1.7
2017-10-24,85.5,84.05,1.73
2017-10-25,83.0,85.5,-2.92
2017-10-26,83.65,83.0,0.78
2017-10-31,84.375,83.65,0.87
2017-11-02,88.0,84.375,4.3
2017-11-03,80.4,88.0,-8.64
2017-11-07,81.0,80.4,0.75
2017-11-09,84.05,81.0,3.77
2017-11-10,80.1,84.05,-4.7
